name,module,va,rva,evidence,callers,callees,protocol_event,confidence,notes
candidate_CClientSocket_Connect,,,,,,,"connect 127.0.0.1:9555",,"Debugger attach shows a dialog that debugging code was detected, then exit 0xFFFF9108. Last in-image exceptions: illegal instruction RVA 0x862E76 and privileged instruction RVA 0x862FB0. ws2_32 was not loaded. No caller RVA."
candidate_CClientSocket_SendPacket,,,,,,,"C->S after handshake",,"No client send buffer was captured."
candidate_CClientSocket_OnRead,,,,,,,"S->C handshake and packets",,"No client recv buffer was captured."
candidate_GetPacketHeader,,,,,,,packet header,,"Not located."
candidate_GetPacketLength,,,,,,,packet length,,"Not located."
candidate_Encrypt,,,,,,,C->S transform,,"Not located. AES key was not scanned because the debugged process exited first."
candidate_Decrypt,,,,,,,S->C transform,,"Not located."
candidate_UpdateIV,,,,,,,IV update,,"Not located."
candidate_PacketDispatcher,,,,,,,S->C opcode dispatch,,"Not located."
candidate_Handler_LOGIN_STATUS,,,,,,,LOGIN_STATUS 0x00,,"Not located."
candidate_Handler_SERVERLIST,,,,,,,SERVERLIST 0x09,,"Not located."
candidate_Handler_SERVER_IP,,,,,,,SERVER_IP 0x0B,,"Not located."
candidate_Handler_WARP_TO_MAP,,,,,,,WARP_TO_MAP 0x81,,"Not located."
