relative_path,size,extension,md5,sha1,sha256,notes
冒险岛online/aossdk.dll,254083,.dll,175664cb3579a2dab88e19de5a4c9168,03ead5575e76217e8ce88248e63475412238795e,2a4aa5b75372c7f1aff830f5937b7953442dd3856e8d93e4349a3ef76d877d42,"archive_crc=C9CAA3A2;packed_size=69626;modified=2009-11-09 15:45:22.0000000;mz;PE32;IMAGE_FILE_MACHINE_I386;ProductName=aossdk ëì  ì°ê²° ë¼ì´ë¸ë¬ë¦¬;CompanyName=AhnLab, Inc."
冒险岛online/ASPLnchr.exe,248568,.exe,f01128cdf354e1bbbe089eba5b329086,34cc5d30bbde7bd89d9f817731271019d61978a3,ceb494e83c32a28958ee55e5a2334d5524184e920eb3333ea88798e1e99a54b7,"archive_crc=250EA2FA;packed_size=77431;modified=2009-11-09 15:45:22.0000000;mz;PE32;IMAGE_FILE_MACHINE_I386;ProductName=ASPLnchr;CompanyName=AhnLab, Inc."
冒险岛online/Base.wz,8885,.wz,,,8040f3ab36d2fb02b31ae04d794f36699c0f6c58e5cd7b87cd81d361da0aad7d,archive_crc=15C2F8F4;packed_size=2760;modified=2010-01-29 00:04:08.0000000;magic=504b4731:PKG1;wz
冒险岛online/bz32ex.dll,87536,.dll,5cdb323b27677dbf07f243e69f7ff0db,558f547c9d6df3b7b9aadfd79a45808109f03687,67ff9952d102811c89c56198e55c31d9f79c591e316303c4241d34a0c604c7e0,"archive_crc=8F585772;packed_size=34421;modified=2009-11-09 15:45:22.0000000;mz;PE32;IMAGE_FILE_MACHINE_I386;ProductName=Smart Update i;CompanyName=AhnLab, Inc."
冒险岛online/Canvas.dll,204800,.dll,b35f288cfa130e0238b21f0311df5f3e,912525106296ca12400bb5233e2be843d59c57c3,1234c6294c7dd09f5b04c3a4be9c5063bf8467715f6c84243e5069886d5ea5ba,archive_crc=F1FA3A91;packed_size=60054;modified=2017-07-05 18:45:45.0055538;mz;PE32;IMAGE_FILE_MACHINE_I386;ProductName=Canvas Module
冒险岛online/Character.wz,1238707905,.wz,,,d55303588b10a8a5b76f1bd065c238447c708af21c5f55cd319a3ae9db646074,archive_crc=30C117A4;packed_size=497368092;modified=2016-05-04 19:34:35.6611328;magic=504b4731:PKG1;wz
冒险岛online/downloadinfo.dat,106,.dat,,,3396883676300bc12b36a4a5cb321b1d668bf8714f6af27582795f5135ac0b24,archive_crc=987DB7CA;packed_size=100;modified=2016-02-24 19:39:26.0000000
冒险岛online/Effect.wz,142666079,.wz,,,46702f06c45a3198c36d810aabc4241ad267ee30346f541b76d802b64078ad82,archive_crc=4D16C91D;packed_size=113880288;modified=2016-05-05 19:42:19.7685546;magic=504b4731:PKG1;wz
冒险岛online/Etc.wz,19435393,.wz,,,5177d6ac654aeac1e3db83a1f98445df26c80472bc75fb43e3ea41337e25bc6f,archive_crc=2279A15F;packed_size=16589200;modified=2010-01-31 14:13:56.0000000;magic=504b4731:PKG1;wz
冒险岛online/Gr2D_DX8.dll,258048,.dll,2bb064f69845dc3d00221d25ff40ce22,067f7c77931a3acbaa53c39107e333ab3ed05aeb,ad67b9a08a0a360e9a31f0274d29b8cb9839d95d691762961454c806ef6a25d1,archive_crc=D1F4830C;packed_size=98001;modified=2017-07-05 18:45:46.3016279;mz;PE32;IMAGE_FILE_MACHINE_I386;ProductName=Gr2D_DX8 Module
冒险岛online/HShield/3n.mhe,148828,.mhe,,,24e00f43f53da02593c9464b725fdf3cdc99b489970b4888164c9af315bc52f6,archive_crc=7FAEA673;packed_size=103411;modified=2009-10-21 19:15:00.0000000;protection-path
冒险岛online/HShield/afs.dat,2879,.dat,,,e52e385a4fc527581b002e2b83b8b8d31006a49485743dfd64f9c008ae408e18,archive_crc=D4A14A86;packed_size=1311;modified=2015-11-30 13:52:22.0000000;protection-path
冒险岛online/HShield/ahnrpt.exe,718504,.exe,c4c1502174650a0ef2072c9373362510,16c184e3c40bd02b7ecffa9b6610b0677f68ca6e,07255c782af277a6dc97c84f00ace80ab351e2592dc5dc2ee6d7b0c93efff5ca,"archive_crc=1EC8EC2D;packed_size=689641;modified=2009-06-02 17:19:00.0000000;mz;protection-path;PE32;IMAGE_FILE_MACHINE_I386;ProductName=AhnReport;CompanyName=AhnLab, Inc."
冒险岛online/HShield/ahnrpt.ini,198,.ini,,,3ae3371156bd0c460dd29b70b062c81184d1966c8207f37ecefb63ae06f75493,archive_crc=6761F801;packed_size=152;modified=2009-06-04 08:16:00.0000000;protection-path
冒险岛online/HShield/AhnUpCtl.dll,153280,.dll,3f2c94deec474eec795bafee0f27ebf1,ac5e5b2b7e0564f3100f7145c7446409c35a1e6b,994cf5e8e2b810ef6456c68c5129137cc907cd8effe261818de0f31696a82a5e,"archive_crc=9194E7F3;packed_size=58217;modified=2006-10-12 19:26:00.0000000;mz;protection-path;PE32;IMAGE_FILE_MACHINE_I386;ProductName=Smart Update Utility;CompanyName=AhnLab, Inc."
冒险岛online/HShield/AhnUpGS.dll,176226,.dll,f2a08bcf92b8ddb5676f89cd0babaa45,d2e19ecfce47333d0ef6a597c46f6ef0fa0b1199,0f7d5fbff4ee279b671bbb9259933b980c7737dce338410bee37b5ec13cf358e,"archive_crc=DF927362;packed_size=76651;modified=2009-09-28 18:55:00.0000000;mz;protection-path;PE32;IMAGE_FILE_MACHINE_I386;ProductName=HackShield;CompanyName=Ahnlab, Inc."
冒险岛online/HShield/asc/0asc.scd,14509,.scd,,,ea7358496bb504ebd486d21bd725fb27018e43bcb6536441ee11ec899120c964,archive_crc=338DBC2B;packed_size=3241;modified=2009-10-13 12:53:00.0000000;protection-path
冒险岛online/HShield/asc/0sccure.scd,199065,.scd,,,9c38b2932fbb0bed50ec57c45c4db93ec299de8fa613eeb483225813ad567868,archive_crc=AB10E59C;packed_size=55960;modified=2009-10-20 22:39:00.0000000;protection-path
冒险岛online/HShield/asc/0sgame.scd,189474,.scd,,,b0c2eba6227f1ecd9e3851e53e472d6b6b7184645bbc43af40b9d51a760f1f07,archive_crc=F2C30D90;packed_size=75796;modified=2009-10-21 22:13:00.0000000;protection-path
冒险岛online/HShield/asc/0spe3f.scd,247,.scd,,,b2c44779e9d4c25430d5fcbfe4b90ea74edcece49e1b0a6cd4a1db8e46fde007,archive_crc=16959B39;packed_size=238;modified=2009-05-12 12:56:00.0000000;protection-path
冒险岛online/HShield/asc/asc_com.dll,78008,.dll,61f6be366694bde3c3098aed46694208,42105b20e295eafe891034f167f26675e100c22b,88b927ac8d4ef6247ec91510844617a961cbe0803e7892fcfc7c49e116a2db51,"archive_crc=A70B55DF;packed_size=25963;modified=2009-08-12 17:18:00.0000000;mz;protection-path;PE32;IMAGE_FILE_MACHINE_I386;CompanyName=AhnLab, Inc."
冒险岛online/HShield/asc/asc_dh.dll,61623,.dll,4fedaedc523d04ebfc3be47506d4dfc3,2f7492cc68e6fe6aafe64358fdfb915c6220578d,8c25e6b783e9d41332c99ef366743f94ec85990eab6bdce9128266838f086c5e,"archive_crc=90BCC9EC;packed_size=23760;modified=2009-10-12 15:48:00.0000000;mz;protection-path;PE32;IMAGE_FILE_MACHINE_I386;CompanyName=AhnLab, Inc."
冒险岛online/HShield/asc/asc_fse.dll,24760,.dll,6a9cfda3df9a01431034d01bb8455b36,0e2011f6df3870abbe248cf34fdff104007d51cb,9dcff3a4caae938bef814bb359522fb778ff76e21b8ac476601f04fc23e6e053,"archive_crc=D5FFC824;packed_size=2435;modified=2009-03-13 15:10:00.0000000;mz;protection-path;PE32;IMAGE_FILE_MACHINE_I386;CompanyName=AhnLab, Inc."
冒险岛online/HShield/asc/asc_intg.dll,41145,.dll,e34aaae3bc9044512c20c8d9d470bce9,88266ca0d8d825d10f9cc245837b7b300e305121,505c9f690eb8aa77dbe0746e97408071278d044b12578d5d9e036548b7ce8a84,"archive_crc=CF9DFDB7;packed_size=12486;modified=2009-09-22 12:20:00.0000000;mz;protection-path;PE32;IMAGE_FILE_MACHINE_I386;CompanyName=AhnLab, Inc."
冒险岛online/HShield/asc/asc_mmgr.dll,106681,.dll,ae33b8dda5e13b7e2fb399ee1de8c6a2,587f6ac99fc469de9153cf6fa375488fa405bd7d,45ce8af85522779afd038c9ff2959a4ad5a39b55700d534e797f3c0ed4c55324,"archive_crc=73A1969E;packed_size=34685;modified=2009-10-12 15:48:00.0000000;mz;protection-path;PE32;IMAGE_FILE_MACHINE_I386;CompanyName=AhnLab, Inc."
冒险岛online/HShield/asc/asc_unp.dll,344248,.dll,6beb8f53d78f77c6fab83178ffed8291,203c977449cb917e59c8a9cbcff74f702b623da0,9e1b5a1575cf455613848326cf6751426dee74e81979a9eb46aaa7386a52b311,"archive_crc=3D1CC198;packed_size=159886;modified=2009-09-22 12:20:00.0000000;mz;protection-path;PE32;IMAGE_FILE_MACHINE_I386;CompanyName=AhnLab, Inc."
冒险岛online/HShield/asc/fse_base.dll,28857,.dll,5bfff290324ebc045e3bd9352f733275,ef27b32c53cff37e7453e29cef73db1c79eee613,ca51f40a3e27b360a93d10fb840f58074c157e24f555262e8d3e91da9c8e0161,"archive_crc=4480DB2F;packed_size=4997;modified=2009-05-04 16:17:00.0000000;mz;protection-path;PE32;IMAGE_FILE_MACHINE_I386;CompanyName=AhnLab, Inc."
冒险岛online/HShield/asc/fse_fact.dll,24761,.dll,458aa27811be4f00fef8fa462d9bea4a,93fa1ad95300d3804099029378d719e22a93096d,c66a1eb7a2156c4ff425728ed36186b5643f06401ecc3b46dd0517caf7f6a7aa,"archive_crc=3F975981;packed_size=3728;modified=2009-03-13 15:10:00.0000000;mz;protection-path;PE32;IMAGE_FILE_MACHINE_I386;CompanyName=AhnLab, Inc."
冒险岛online/HShield/asc/fse_pe.dll,53431,.dll,becdd481752da21581b74bcdc5ddf6e8,d893e4a9c20882435926281188b216058a30230d,dd8c29c3004a85a9a1a784c101db7dc55e396c90850501d170dff26aa59f9bfc,"archive_crc=8B7426E5;packed_size=17774;modified=2009-08-13 22:45:00.0000000;mz;protection-path;PE32;IMAGE_FILE_MACHINE_I386;CompanyName=AhnLab, Inc."
冒险岛online/HShield/asc/gfs_base.dll,28857,.dll,bb6f4c705b6ff37a5b8317595ce645b8,c875a10888f1a736fb60d26db6afe0fcac285f77,5b742b73b1b568d5f0d08d8e2c5f5a24f59faa1d5a05067956212d5770eb34a2,"archive_crc=4D1CF3A4;packed_size=3608;modified=2009-03-13 15:10:00.0000000;mz;protection-path;PE32;IMAGE_FILE_MACHINE_I386;CompanyName=AhnLab, Inc."
冒险岛online/HShield/asc/gfs_fact.dll,24761,.dll,8fbbaa41f53152c31be02855862377fc,216cad9005dc87966931a06c8490495515253fd4,de1c8c23683e86b49a843d68f74309798a0907c5be6aab30f9f97194ea1c18ba,"archive_crc=1CD3428B;packed_size=2671;modified=2009-09-22 12:20:00.0000000;mz;protection-path;PE32;IMAGE_FILE_MACHINE_I386;CompanyName=AhnLab, Inc."
冒险岛online/HShield/asc/gfs_file.dll,32953,.dll,23beb506f84a5255ec954edb65e8df9c,0669373432998a5e4188b59f4b18e37f677c1f9a,a9580d3761b73bfa05b698021960f3e656424ef96921f9ca1f53bda8a88a3a0c,"archive_crc=103B7D24;packed_size=7417;modified=2009-03-13 15:10:00.0000000;mz;protection-path;PE32;IMAGE_FILE_MACHINE_I386;CompanyName=AhnLab, Inc."
冒险岛online/HShield/asc/gfs_mem.dll,28856,.dll,e77337af666e49b6c03a03b635bc0149,ce1a11e2778e657cf29fd1cbb7f1770fdab60207,90f44637c6e2c9035182d2edf5906d0ed422b9d5cb5926349c07b7fbd9499c78,"archive_crc=A2C39E2B;packed_size=6281;modified=2009-03-13 15:10:00.0000000;mz;protection-path;PE32;IMAGE_FILE_MACHINE_I386;CompanyName=AhnLab, Inc."
冒险岛online/HShield/asc/gfs_os.dll,32951,.dll,dcaf1a70a7fcd8d8f91f2dd0b9a4887c,229a242a96a65b6d68f6ff7d84b7d5e8f22a9720,13bdff89d2f7c510df9300997d86987b5ac95216c79af3b36c6309101af8b14c,"archive_crc=D725334B;packed_size=6274;modified=2009-09-29 23:09:00.0000000;mz;protection-path;PE32;IMAGE_FILE_MACHINE_I386;CompanyName=AhnLab, Inc."
冒险岛online/HShield/asc/gfs_proc.dll,28857,.dll,9a039bbeb5beda62bc1a1ea52799577f,e77fae9acab2f97b4425332e935e02ff89b31f90,e6ac9398e816ac863b57ac59fa5f1987eda168b2f4607d84962b2837806932b2,"archive_crc=B3589A4F;packed_size=4762;modified=2009-09-16 19:51:00.0000000;mz;protection-path;PE32;IMAGE_FILE_MACHINE_I386;CompanyName=AhnLab, Inc."
冒险岛online/HShield/asc/gfs_util.dll,28857,.dll,744d0bacc668db442a476fe52ccad4c6,79869607e7e1d0a8d5a503eecd27a87117c1a329,9be3c30d7149dc0778e6de55b13e69d8e389b34d2c24e507e2611b3e034ce103,"archive_crc=B73687E9;packed_size=6474;modified=2009-10-12 15:48:00.0000000;mz;protection-path;PE32;IMAGE_FILE_MACHINE_I386;CompanyName=AhnLab, Inc."
冒险岛online/HShield/asc/moduler.scd,12755,.scd,,,4b2c8dc4e5ea9aee1fd395023d0590bff3855f1f8a5082351a62f0515353839d,archive_crc=EC37D08C;packed_size=12632;modified=2009-10-22 11:05:00.0000000;protection-path
冒险岛online/HShield/asc/option.scd,2014,.scd,,,38c2ce28d79173bd5a9a893fad7a8fa5a99d9680aaf97f790f0dcfc74273d3e5,archive_crc=75DEB8F0;packed_size=2014;modified=2009-03-02 11:57:00.0000000;protection-path
冒险岛online/HShield/asc_main.dll,93608,.dll,bac01d23fc5756f13739ea0985a5a09f,6652a34f0bcdb9a328eeb7ff42e23f7814fbf3a0,3092ea285837a7026c236aae8acb879c8cd654526d4b004178f80cd0924f9636,"archive_crc=AE3478B0;packed_size=32588;modified=2012-11-14 09:27:00.0000000;mz;protection-path;PE32;IMAGE_FILE_MACHINE_I386;ProductName=AhnLab TS Engine;CompanyName=AhnLab, Inc."
冒险岛online/HShield/AspINet.dll,745472,.dll,1e7e7f5afd378d1b108b7649abb584be,886c83a45002c77951c0d85046cb7edf5d9ab951,21f8027c6be26c3957640c4c8862cb7a23b0b904af8c42f2b70961f414a5d17e,archive_crc=F4AF0D82;packed_size=304122;modified=2016-12-29 17:14:17.2791711;mz;protection-path;PE32;IMAGE_FILE_MACHINE_I386;ProductName=079è¿HS DLL åºç¨ç»ä»¶;CompanyName=å²æ:947039454
冒险岛online/HShield/bldinfo.ini,81,.ini,,,8386d925c787f042d214eacea46661e7acc1a9f5499687ab810942bb30cd935b,archive_crc=BF1143F6;packed_size=81;modified=2008-07-30 09:43:00.0000000;protection-path
冒险岛online/HShield/Bz32Ex.dll,82060,.dll,1d64f5adb11e688137a12ec4504f8520,088864c456c14716f6a91f57702ad088102727bf,1fdc007d96f90d675e67550569ad3c99f88ea13d7d603e36d99d43cb4de61e4f,"archive_crc=8D5D759A;packed_size=30953;modified=2006-10-13 09:48:00.0000000;mz;protection-path;PE32;IMAGE_FILE_MACHINE_I386;ProductName=Smart Update i;CompanyName=AhnLab, Inc."
冒险岛online/HShield/ehsvc.dll,524288,.dll,11504622afe15d65ae9eddd7d4817830,da5c3dea9ec59d64d0324c9c0904c874b90bac7e,12bdbe8b2b64fbcb34913407722fc0e1d6bb1332e5b269355d77b63c42d7ff06,archive_crc=AB89969F;packed_size=506634;modified=2013-11-09 22:19:52.0000000;mz;protection-path;PE32;IMAGE_FILE_MACHINE_I386;ProductName=HSBypass;CompanyName=k8tems
冒险岛online/HShield/ehsvc.ini,57,.ini,,,6f2f84ef838d2ba33a3ea53a8c23ddcf6eae8ad3a35f571022e6b8a6a48f4aa0,archive_crc=80B5B3F7;packed_size=57;modified=2017-09-20 20:13:18.7985711;protection-path
冒险岛online/HShield/ehsvc.old,2341664,.old,5cda9b81dee8a0007716fe544efdb917,539f5b64dd825ede4c755062bed4a9c6d7664c9d,78d47f032d493ce5fb59eecaa31aa2be047386ee0416780df19fb62db4d35272,archive_crc=20DF156C;packed_size=2288501;modified=2009-10-22 20:12:00.0000000;mz;protection-path;PE32;IMAGE_FILE_MACHINE_I386
冒险岛online/HShield/hshield.dat,160,.dat,,,b36b5ffece848b3f468f00877d6c8c8ca782dc9f39a57bf434502d63bf4ecd32,archive_crc=27C69C9E;packed_size=160;modified=2009-10-22 20:12:00.0000000;protection-path
冒险岛online/HShield/hshield.log,69120,.log,,,e0a7045285989e17a8dd9a16e9dc2fc5f471f61cfd2d6d68ef5dcfdb1884c1ba,archive_crc=50272682;packed_size=37751;modified=2016-03-04 11:54:52.0000000;protection-path
冒险岛online/HShield/HSInst.dll,196704,.dll,1d2099a22892bc97f4ef710ca4412a60,da627fd459946472694bd6040137196f0ba2f183,97b17cc230d45521e61181744093fe685431e2db7af568adc78a16c6dda485bf,"archive_crc=DD2CF207;packed_size=76612;modified=2009-06-03 17:47:00.0000000;mz;protection-path;PE32;IMAGE_FILE_MACHINE_I386;ProductName=HackShield;CompanyName=AhnLab, Inc."
冒险岛online/HShield/hslogmgr.exe,117448,.exe,243d1605d752f24cdb26caa8cec1ecec,ad0652aca3b1744f173f1b5415916dade53caa83,151570d3fc209a6389326faf6c6d54f44c15699dae6147d9f6b939db636af66a,"archive_crc=4FE00923;packed_size=35284;modified=2009-10-22 20:12:00.0000000;mz;protection-path;PE32;IMAGE_FILE_MACHINE_I386;ProductName=HackShield Log Manager;CompanyName=AhnLab, Inc."
冒险岛online/HShield/HSUpdate.env,3959,.env,,,5fbc8ea6010416739f1dc4e873ba3343bf8ccfc00abd876fe9069f1bd7cecc71,archive_crc=62CCD7C3;packed_size=930;modified=2009-12-03 14:23:38.0000000;protection-path
冒险岛online/HShield/HSUpdate.exe,154312,.exe,061ac0ac3eec7b767c2d353ada7aad4b,951f81e84581cacab2a953036ca8a0f3db15361a,daf95bde2293271f59df320e5d934bd47e0e5b14da1d47536ef25596c9db1393,"archive_crc=7644A1BA;packed_size=69133;modified=2009-10-22 20:12:00.0000000;mz;protection-path;PE32;IMAGE_FILE_MACHINE_I386;ProductName=HackShield;CompanyName=AhnLab, Inc."
冒险岛online/HShield/hsupdate.jpg,61173,.jpg,,,14b6fe39fadabcd1db1862dd61b460350a8dfb29271bacf7885824946c1b5607,archive_crc=C5843296;packed_size=44729;modified=2009-11-09 15:45:08.0000000;protection-path
冒险岛online/HShield/mspatcha.dll,27136,.dll,c9a12496eefe29bdd37aa4ff3587373c,86b980f1781592df0f30ddcd0841baa661cdcaec,b173df5082cea4d34543c22c531555103719cece2cae211dcab4f17d7e59b7dd,archive_crc=B6C3E343;packed_size=15796;modified=2007-05-08 14:45:00.0000000;mz;protection-path;PE32;IMAGE_FILE_MACHINE_I386;ProductName=MicrosoftÂ® WindowsÂ® Operating System;CompanyName=Microsoft Corporation
冒险岛online/HShield/psapi.dll,20480,.dll,29d44581ba9b680ec4e6d91000688c46,84b716ccb062236f8bdbcc8f3dc616878ca83846,4cf7a69c4a63a7c1ec64f647309a643f83cf48b3b7caee023616680b59136dd1,archive_crc=B2404411;packed_size=9816;modified=2006-11-09 14:15:00.0000000;mz;protection-path;PE32;IMAGE_FILE_MACHINE_I386;ProductName=MicrosoftÂ® WindowsÂ® Operating System;CompanyName=Microsoft Corporation
冒险岛online/HShield/sensapi.dll.lnk,1110,.lnk,,,86951fa001fb1c2436b5e6d515e72a4af47d65df16fa6084966559aeb038a748,archive_crc=44DC74E8;packed_size=666;modified=2016-01-11 00:29:06.0000000;protection-path
冒险岛online/HShield/supdate.log,633220,.log,,,1e5bec94f73b8f36bff645b1eeb75f473c78b2e6fe8b8ea91d5c0b6274e700bf,archive_crc=DDA1765D;packed_size=145823;modified=2017-09-21 12:31:11.9174129;protection-path
冒险岛online/HShield/Update/ahn.ui,2879,.ui,,,e52e385a4fc527581b002e2b83b8b8d31006a49485743dfd64f9c008ae408e18,archive_crc=D4A14A86;packed_size=1311;modified=2015-11-30 18:16:54.0000000;protection-path
冒险岛online/HShield/Update/ahni2.dll,104112,.dll,23187295212c07d4af7313e11d9cd1d5,a73a25efcd997536533a33b622cbcd5de9023b20,1752c61082f1eafbec5f3246747d848bef4136aef0ffdab319fe277451c18c28,"archive_crc=1077ECED;packed_size=35072;modified=2007-03-06 15:23:00.0000000;mz;protection-path;PE32;IMAGE_FILE_MACHINE_I386;ProductName=AhnI2;CompanyName=AhnLab, Inc."
冒险岛online/HShield/Update/ahnupctl.dll,153280,.dll,f3fca50302c5fc4ca0e0ef1c13e41d02,3e0a77f1c1b5bbac54c3da6331d229c18b97f794,309f724ab4cbfbafb9210a0c7ca317fdf751582e9c2acff48cf1b26ac8f23f18,"archive_crc=333943E9;packed_size=58199;modified=2007-03-07 18:14:00.0000000;mz;protection-path;PE32;IMAGE_FILE_MACHINE_I386;ProductName=Smart Update Utility;CompanyName=AhnLab, Inc."
冒险岛online/HShield/Update/autoup.exe,188488,.exe,63f6f0c610f06b0c35ac9b4776dca786,a11e1e0ad6f952de8885b964a29bb6e4f9d7c6f1,987d2f33909c6d53d3d355f0aaf48ba31ce90b3894ab6d31bcbd0f68a0b4c300,"archive_crc=DEE0A070;packed_size=178355;modified=2007-03-09 03:56:00.0000000;mz;protection-path;PE32;IMAGE_FILE_MACHINE_I386;ProductName=Smart Update Utility;CompanyName=AhnLab, Inc."
冒险岛online/HShield/Update/patch/39/ahn.ui,1549,.ui,,,77e90d5d6cab2a8df36826efba8472fb0f82be6f323ea78c87904627b211b2ff,archive_crc=DF03B8DA;packed_size=895;modified=2015-11-30 18:16:54.0000000;protection-path
冒险岛online/HShield/Update/patch/39/ahnrpt.ex-,701527,.ex-,,,c99a6accefd1bad0938ad9ea0b31cf1b3437bee8342cfa0c5ed1c1697e0ff790,archive_crc=3163900B;packed_size=701527;modified=2009-06-02 17:19:00.0000000;protection-path
冒险岛online/HShield/Update/patch/39/ahnrpt.in-,164,.in-,,,07ecd32692c2a51c047a3fe8437418ce495cbb5b3ac2ae6e631b0a26723654a0,archive_crc=B0E43F52;packed_size=164;modified=2009-06-04 08:16:00.0000000;protection-path
冒险岛online/HShield/Update/patch/39/bldinfo.in-,110,.in-,,,b7abbfb20fd04fd4bff43e686c354b20564e33655c159d3e8626d1259239df81,archive_crc=71560C0D;packed_size=110;modified=2008-07-30 09:43:00.0000000;protection-path
冒险岛online/HShield/Update/patch/39/ehsvc.dl-,2312887,.dl-,,,9dc1942bbc5ff151cf1882bc15acb132728db8fd0088b7f36c85d95b7c5471cb,archive_crc=74567A60;packed_size=2312887;modified=2009-10-22 20:12:00.0000000;protection-path
冒险岛online/HShield/Update/patch/39/hshield.da-,247,.da-,,,8e657ac617fb74605f9cc1a83b0b21965b48d13f1a4d34f20a7e72a820f4ce6f,archive_crc=9523431D;packed_size=247;modified=2009-10-22 20:12:00.0000000;protection-path
冒险岛online/HShield/Update/patch/39/hslogmgr.ex-,39590,.ex-,,,1ad2693aa2efc2d4c0c4d0fe7d342684dd13e9fbf6e713b20652eb31067e483f,archive_crc=77B467EF;packed_size=39590;modified=2009-10-22 20:12:00.0000000;protection-path
冒险岛online/HShield/Update/patch/39/psapi.dl-,11280,.dl-,,,2f0d50af6644bc58472fdc8c87ea022f67e618050dfd5bab9a6e81e2eb7bd90f,archive_crc=A58ED165;packed_size=11280;modified=2006-11-09 14:15:00.0000000;protection-path
冒险岛online/HShield/Update/patch/39/update/hsupdate.ex-,80785,.ex-,,,0a87c5ff84e560b8a8fbdde3a883992c1b17f2b96abd41c7cf3c4ed93e145cd4,archive_crc=D0C141F5;packed_size=80785;modified=2013-10-03 18:35:00.0000000;protection-path
冒险岛online/HShield/Update/supdate.log,29678,.log,,,e1607be5ca0aba5d2e530f53d205e98e7c4800136ad1d10a6499037cc063adbb,archive_crc=E9AFE442;packed_size=15894;modified=2014-06-10 15:38:48.8559038;protection-path
冒险岛online/HShield/Update/supdate2.log,4194411,.log,,,4dd3b0d53fb587add32a0193c21e132dc003bc7f2cef3ba9560905d76e6b8405,archive_crc=5F6760C3;packed_size=1087721;modified=2014-07-18 13:07:29.8303800;protection-path
冒险岛online/HShield/Update/user.dat,240,.dat,,,1974977556dd052e67a825f0eb2c98549b36a2c6bc8268949e2d62f7c761fa85,archive_crc=9ABD3741;packed_size=240;modified=2014-07-08 18:12:40.6982650;protection-path
冒险岛online/HShield/Update/v3bz32.dll,63336,.dll,09085376e57c6fa38544a5a2207a03cb,2e508e210a97b90038e5edc184b0fca6f5b9570e,bd84a8d7193cd98e99e4b5b310ad65e5cd860b717c40183edbaf7bd8cb852c70,"archive_crc=B18A4AFF;packed_size=26269;modified=2006-05-30 16:48:00.0000000;mz;protection-path;PE32;IMAGE_FILE_MACHINE_I386;ProductName=Smart Update Utility;CompanyName=AhnLab, Inc."
冒险岛online/HShield/Update/win/e/b/b_echo_sl/asc_com.dl-,30349,.dl-,,,8e04cf0d7a6772284f490149b442d497841bf12fae5a5e9379f3fc4b72d9ca8c,archive_crc=2ED3EBB1;packed_size=30349;modified=2009-08-12 17:18:00.0000000;protection-path
冒险岛online/HShield/Update/win/e/b/b_echo_sl/asc_dh.dl-,24292,.dl-,,,c56d360e31aabd2ee020250383c314ff541682bd2277762a5cceea9aa24515a3,archive_crc=C03C4C03;packed_size=24292;modified=2009-10-12 15:48:00.0000000;protection-path
冒险岛online/HShield/Update/win/e/b/b_echo_sl/asc_fse.dl-,2793,.dl-,,,e561f4b923908395c30f2a65ad217e88264e63314d9c4d956be2fe34b64da7ea,archive_crc=C4A12245;packed_size=2793;modified=2009-03-13 15:10:00.0000000;protection-path
冒险岛online/HShield/Update/win/e/b/b_echo_sl/asc_intg.dl-,13772,.dl-,,,b1c9fe87aa652c21e847ec478226619f8b8b0d9a13078e5b670b40238b5f26ac,archive_crc=16B72AE4;packed_size=13772;modified=2009-09-22 12:20:00.0000000;protection-path
冒险岛online/HShield/Update/win/e/b/b_echo_sl/asc_mmgr.dl-,39039,.dl-,,,c9e61df761688bc93bca24b966917eac667aa957a57c54300cf6358e0a53f714,archive_crc=DEBBDB9F;packed_size=39039;modified=2009-10-12 15:48:00.0000000;protection-path
冒险岛online/HShield/Update/win/e/b/b_echo_sl/asc_unp.dl-,168353,.dl-,,,4711a269a70f33ad08d51129626067a05f065b1bf52f2748dd468567d675142a,archive_crc=9DEC8A3D;packed_size=168353;modified=2009-09-22 12:20:00.0000000;protection-path
冒险岛online/HShield/Update/win/e/b/b_echo_sl/fse_base.dl-,5524,.dl-,,,f2c8506ad3b188f5df0c96ae7a78ea6b978e49f46602d44cefd5003c1cdaeb40,archive_crc=571DBBE0;packed_size=5524;modified=2009-05-04 16:17:00.0000000;protection-path
冒险岛online/HShield/Update/win/e/b/b_echo_sl/fse_fact.dl-,4225,.dl-,,,8756cb2e72b3065141de0e90cef7db4e4c55a66fbb83db4581be999c42be8956,archive_crc=4D338A49;packed_size=4225;modified=2009-03-13 15:10:00.0000000;protection-path
冒险岛online/HShield/Update/win/e/b/b_echo_sl/fse_pe.dl-,20431,.dl-,,,f92986915dc5e785b3fa9e7c2237bfe3cd8b841dcc1bb743d2c975300244b460,archive_crc=C43FE8F0;packed_size=20431;modified=2009-08-13 22:45:00.0000000;protection-path
冒险岛online/HShield/Update/win/e/b/b_echo_sl/gfs_base.dl-,4033,.dl-,,,5a4caa64ab2601c79c84ca99fe783f8b734877e419b43b4ef1835a50e577d1b1,archive_crc=FA603D72;packed_size=4033;modified=2009-03-13 15:10:00.0000000;protection-path
冒险岛online/HShield/Update/win/e/b/b_echo_sl/gfs_fact.dl-,3052,.dl-,,,858c0d88a3b24cf02fd379facf373808462f83ed47a2d7b0c568c49354baec37,archive_crc=647AC68B;packed_size=3052;modified=2009-09-22 12:20:00.0000000;protection-path
冒险岛online/HShield/Update/win/e/b/b_echo_sl/gfs_file.dl-,8138,.dl-,,,9d17b4f4ba83192d9c326369ae2ca7ec0ebb2674bb8c7defb422902190ff6841,archive_crc=3D2B4B6A;packed_size=8138;modified=2009-03-13 15:10:00.0000000;protection-path
冒险岛online/HShield/Update/win/e/b/b_echo_sl/gfs_mem.dl-,6639,.dl-,,,6dac2fa8b6ce9f9fea756b96af780dfe7b1a13cbf954967ea62778af686c145e,archive_crc=0D93259E;packed_size=6639;modified=2009-03-13 15:10:00.0000000;protection-path
冒险岛online/HShield/Update/win/e/b/b_echo_sl/gfs_os.dl-,7250,.dl-,,,7d49456d6f0ff78947ec5774ef06851937d13ba388b1def2be8f66ada12930d4,archive_crc=07D89B9A;packed_size=7250;modified=2009-09-29 23:09:00.0000000;protection-path
冒险岛online/HShield/Update/win/e/b/b_echo_sl/gfs_proc.dl-,5239,.dl-,,,b6809976980086e1efd9665d987ef15723936a6d8612bca60a97172d8c558c9b,archive_crc=7CD4A11D;packed_size=5239;modified=2009-09-16 19:51:00.0000000;protection-path
冒险岛online/HShield/Update/win/e/b/b_echo_sl/gfs_util.dl-,7037,.dl-,,,bf1491d09e59ac9da662c21587fb842219d721aadc35f95a6ca40c1df19b5ba7,archive_crc=9F169C0D;packed_size=7037;modified=2009-10-12 15:48:00.0000000;protection-path
冒险岛online/HShield/Update/win/e/b/b_sign_hs/0asc.sc-,4471,.sc-,,,0b9ff366116e119057e217451486aca73510780907e5be19c2d150bfaaeb14be,archive_crc=BF205B48;packed_size=4471;modified=2009-10-13 12:53:00.0000000;protection-path
冒险岛online/HShield/Update/win/e/b/b_sign_hs/0sccure.sc-,99332,.sc-,,,bb4b6e38d3f46079361b94a30699fd06564d26cfb64190ba5e238bf3854d5218,archive_crc=D13F2AF2;packed_size=99332;modified=2009-10-20 22:39:00.0000000;protection-path
冒险岛online/HShield/Update/win/e/b/b_sign_hs/0sgame.sc-,104493,.sc-,,,8de2f666c8219042efb7da38b9161fbcc3867c180aacecc7f870e5c1eb1ab212,archive_crc=9888B0E5;packed_size=104493;modified=2009-10-21 22:13:00.0000000;protection-path
冒险岛online/HShield/Update/win/e/b/b_sign_hs/0spe3f.sc-,280,.sc-,,,effc822e60496b18598c26435b4ae965ca068f3a39d97ea9e42841eee500e73f,archive_crc=F623BEBC;packed_size=280;modified=2009-05-12 12:56:00.0000000;protection-path
冒险岛online/HShield/Update/win/e/b/b_sign_hs/moduler.sc-,13179,.sc-,,,5e52e8118c7db8cbd03c7e70fb7dcecccbc73d36328be638a86e5758c6d85824,archive_crc=EE025A8F;packed_size=13179;modified=2009-10-22 11:05:00.0000000;protection-path
冒险岛online/HShield/Update/win/e/b/b_sign_hs/option.sc-,2405,.sc-,,,1bc9dfbab17063060e3a4ac7bdf3a81154288cc0dffbf32e66d737ce61292ccd,archive_crc=C9369B15;packed_size=2405;modified=2009-03-02 11:57:00.0000000;protection-path
冒险岛online/HShield/Update/win/e/b/v3_echo_hs/v3pro32s.dl-,37152,.dl-,,,f50a95142b39987b7d8b25eac7e0355e95a353afddbd156648b95d3425dc02d7,archive_crc=521A2C18;packed_size=37152;modified=2009-10-22 11:46:00.0000000;protection-path
冒险岛online/HShield/Update/win/e/hs_heuristic/3n.mh-,111307,.mh-,,,af77a1f2b73602d13f74da123e74b51a3a1a29f18f8cb1f033b1d350c15ccbe2,archive_crc=D1681A27;packed_size=111307;modified=2009-10-21 19:15:00.0000000;protection-path
冒险岛online/HShield/V3Hunt.dll,141008,.dll,6df1b79fd9f987855653aac261006e35,73af5fe8ade785f1006846222b90a6edcb0aeb2e,20bb45fcd52f6e3a66c2276431deebe324c1f2ff98d239d439114dfbca11318d,"archive_crc=7D7A64C3;packed_size=61642;modified=2007-02-01 18:16:00.0000000;mz;protection-path;PE32;IMAGE_FILE_MACHINE_I386;ProductName=Smart Update Utility;CompanyName=AhnLab, Inc."
冒险岛online/HShield/V3InetGS.dll,36964,.dll,e175ea20234b1a7eeae7a3fff63e2f85,5048500f113ad97d516677a4bca22f315bebc6f5,209c7d8d1c96e4ec47bb0587d96bd2fec3f641b22ccc4e453391e1206f376008,"archive_crc=95AD0540;packed_size=8807;modified=2009-08-19 14:13:00.0000000;mz;protection-path;PE32;IMAGE_FILE_MACHINE_I386;ProductName=ahnlab V3INetGS;CompanyName=Ahnlab, Inc."
冒险岛online/HShield/v3pro32s.dll,88800,.dll,6881e62c3c72671a2594485c3a61f85e,286f9379a91defaeb1724ae334fcd249c81d79db,d72f6b11c86540dbb6bdf4ccc801471dd8f704fdf16f68bd30071348662fe1fd,"archive_crc=EE379276;packed_size=32053;modified=2009-10-22 11:46:00.0000000;mz;protection-path;PE32;IMAGE_FILE_MACHINE_I386;ProductName=V3;CompanyName=AhnLab, Inc."
冒险岛online/ijl15.dll,8192,.dll,1bdf1aaf624435cd831bfa79eeb35604,0b7d2bc20665cd7a9224bb12768bad9b1cf38eaf,b1bc97dc2913b8f92eeb9f369570202df0fddabcb0d6cc6609504783ac1df0f2,archive_crc=EC89719E;packed_size=3624;modified=2017-09-20 19:30:47.7710107;mz;PE32;IMAGE_FILE_MACHINE_I386
冒险岛online/iloveaki.dat,352256,.dat,4fc074c3c6cf290bb2c11e5c31c97b27,95a0ea2ecb46ff8424d76d2f3bb9878794f57ae9,41d37bfb0a39017497e0aa373dc01f71ac9c5046c75f7cd269bee52112a5f3a1,archive_crc=63A7E008;packed_size=119224;modified=2017-09-20 19:30:51.0051956;mz;PE32;IMAGE_FILE_MACHINE_I386;ProductName=IntelÂ® JPEG Library;CompanyName=Intel Corporation
冒险岛online/Item.wz,139053911,.wz,,,0c58678973dbcdd12e5d936e03a060ee606f80416722dbb530797a8584a182d3,archive_crc=BFE92B78;packed_size=92947076;modified=2016-05-04 23:54:22.0000000;magic=504b4731:PKG1;wz
冒险岛online/List.wz,65470,.wz,,,1a9bed23d87213545e2ce40765ca45e1b5464659c21bb7276d924edc2eb0cc9e,archive_crc=48865EE1;packed_size=5842;modified=2009-11-09 15:46:48.0000000;magic=05000000:   ;wz
冒险岛online/Map.wz,835954262,.wz,,,9e0d2a0fcecac2c99ee3cb15b03c41b5617d7d0637b55fb132f0eeed27155f69,archive_crc=21DE9234;packed_size=672137698;modified=2016-05-04 23:44:05.8222656;magic=504b4731:PKG1;wz
冒险岛online/MapleStory.exe,3889632,.exe,a4876687ffc82b1898bdb7e4f9f08f93,5852b32a4f8c029e7f830a4a76f1b9d0e5e58412,5d280cf1c5663e925104736e73e5715a5a529d25420babf410cc411b37940f4d,archive_crc=A695DA00;packed_size=3789830;modified=2010-01-31 14:15:08.0000000;mz;main-client-candidate;PE32;IMAGE_FILE_MACHINE_I386
冒险岛online/Mob.wz,421628507,.wz,,,6d5503fb78ec5a94f9f714d8712ab36b47257ac0b9ad8640e016e10fe67826ec,archive_crc=5B397CB1;packed_size=375615281;modified=2010-01-29 11:37:42.0000000;magic=504b4731:PKG1;wz
冒险岛online/Morph.wz,35707082,.wz,,,e9461b90aae1a46e1f41b527a1232974408b8bbb802a5df36868df10f24efe90,archive_crc=85C5FA1D;packed_size=24887973;modified=2016-05-04 20:16:33.7177734;magic=504b4731:PKG1;wz
冒险岛online/mss32.dll,450048,.dll,1d2094a1745c4951a1a9fb77e3433087,3ba6e936a8a7b8539b21bbbc0a86e7e06afe03ad,1765660955b6441674d0424e5af408d65441595fb4bc87422fbab07c41e13c35,"archive_crc=DCED306B;packed_size=182829;modified=2017-07-05 18:45:49.5998166;mz;PE32;IMAGE_FILE_MACHINE_I386;ProductName=Miles Sound System;CompanyName=RAD Game Tools, Inc."
冒险岛online/NameSpace.dll,143360,.dll,3544518edb5af7f3cb017fce47e91ea2,fc3bb591f0270d13f5bcb8c1885f2802825c4742,1c94ca7e6317f46be22b03fe3f706d4907b2cc78d2b1d9364854bfe610eaa7a5,archive_crc=7BBE985F;packed_size=48828;modified=2017-07-05 18:45:48.6027595;mz;PE32;IMAGE_FILE_MACHINE_I386;ProductName=NameSpace Module
冒险岛online/Npc.wz,53772873,.wz,,,19562193d7cb93213110f4a54cc62568ec536251e8b7d546bd3915b3a009df65,archive_crc=5DA97945;packed_size=36166099;modified=2017-07-02 00:30:02.0000000;magic=504b4731:PKG1;wz
冒险岛online/Patcher.exe,1433600,.exe,33d4349ccac76b1a5b03519b8905cc59,8741f99e489e72ea738c468e688d6bcfbfcc8e0e,58e7d075cf2d7737d831d6670cc020b5c489fe643b7460be9a5ca6f2fbdd7fa3,archive_crc=EEBDC03C;packed_size=164909;modified=2017-07-05 18:45:50.7418819;mz;PE32;IMAGE_FILE_MACHINE_I386;ProductName=Patcher ?? ????
冒险岛online/PCOM.dll,114688,.dll,c8ddc9b97fbbd99fce01f4c116ec2508,7bfd45d3610400a96b06dcfd976dbd4f20640ed1,cf3807f3107152d3b305bfc84be36d58b62306c94f60133c8e80fd17f9d9e54b,archive_crc=CA10B3A5;packed_size=43462;modified=2017-07-05 18:45:51.7709408;mz;PE32;IMAGE_FILE_MACHINE_I386;ProductName=PCOM Module
冒险岛online/pg.dll,155648,.dll,5c89203f5fd62339ff0001abb3ce2c02,9b8a75321c6e5390c1fe59d6f993d1df18489f87,2774f773267a646cb236ab34a202e043261309e65b923a17beccf598fb1d4db8,archive_crc=91394E6B;packed_size=139815;modified=2017-07-17 17:42:50.5982677;mz;PE32;IMAGE_FILE_MACHINE_I386
冒险岛online/Quest.wz,3726297,.wz,,,48716b137d84b7e80dc4e6a4ef7e1cf4f908e90370d48ad4cb9aad9052fbeffe,archive_crc=80035E41;packed_size=1771735;modified=2010-01-31 14:15:08.0000000;magic=504b4731:PKG1;wz
冒险岛online/Reactor.wz,85233536,.wz,,,68786bf5d7530eca7519d7bdebd0c3dbd6a13a0193c2e984c2e82d12d4a17e20,archive_crc=12F8E3AA;packed_size=65892620;modified=2010-01-29 00:11:16.0000000;magic=504b4731:PKG1;wz
冒险岛online/redist/mssdolby.flt,7680,.flt,37be811de54d964f2742a9af8c6e966c,ac399e08d14cbae8f6346f8174ad0d7fe40f04f0,bbd7e9c9de877a38ecef8f34f2b088a0d48e5e500f60c5d96dab4abf3a3d860a,"archive_crc=882B3D07;packed_size=2861;modified=2009-11-09 15:45:08.0000000;mz;PE32;IMAGE_FILE_MACHINE_I386;ProductName=Miles Sound System;CompanyName=RAD Game Tools, Inc."
冒险岛online/redist/mssds3d.flt,12800,.flt,4e765acc62e345dfd7c288f9c5fbf40e,2f55c1381a3b963e2d3ff1c29aca9523f4d17fa2,8f35864e2583c5590dc5bfec1e256ae4c09db8954e36ad1e4d348be0462fde4d,archive_crc=F96AEA00;packed_size=6088;modified=2009-11-09 15:45:08.0000000;mz;PE32;IMAGE_FILE_MACHINE_I386
冒险岛online/redist/mssdsp.flt,56832,.flt,873b1ce11b537e27e61836a870139358,afabc8ccb88b8cda7c0cebda6f10fa26e30891c7,e771a1e060c80887b7587bf9df083979c15f9e52b59a7cb3077e1bcada7599b3,"archive_crc=FCC41D64;packed_size=16984;modified=2009-11-09 15:45:08.0000000;mz;PE32;IMAGE_FILE_MACHINE_I386;ProductName=Miles Sound System;CompanyName=RAD Game Tools, Inc."
冒险岛online/redist/msseax.flt,59392,.flt,7bde7ea01d7c78d66724101fb56dfcdd,d4586f9ca392b2e5c76db669965af3a9a90420cf,9c465a6a0ed03adf5b7a2612323af9e2861068b701d95a69d296dcdd98001877,archive_crc=A483F1FD;packed_size=15467;modified=2009-11-09 15:45:08.0000000;mz;PE32;IMAGE_FILE_MACHINE_I386
冒险岛online/redist/mssmp3.asi,94208,.asi,d4059ef03d4c400dd6e306b76892a812,2e4754375af223a5a86963ab8543b0c2034fe0c2,ef8b0942e840cd1211798253dde7b0f68388cbe800e8ef013999deed1286fa6c,archive_crc=E110706F;packed_size=31136;modified=2009-11-09 15:45:08.0000000;mz;PE32;IMAGE_FILE_MACHINE_I386
冒险岛online/redist/msssrs.flt,12800,.flt,61be244f08104086c47b1348cdcf5820,871352d6d26f59a86ca8812a0b2efecc409741ee,7cc008962a00842a87755b962b1075cff56f435e948637b41a569f565a9dfb6a,"archive_crc=655462D5;packed_size=4751;modified=2009-11-09 15:45:08.0000000;mz;PE32;IMAGE_FILE_MACHINE_I386;ProductName=Miles Sound System;CompanyName=RAD Game Tools, Inc."
冒险岛online/redist/mssvoice.asi,153600,.asi,0a841fd0cf4e23ff877d404d1ca916a7,7c503bfac52d69ee577ea95f4a2057ed8995ebec,7c2b91041e560b4d9224655d58c49e6d98a505117def7919b12a9a402dad48c4,archive_crc=B34D1EB7;packed_size=71957;modified=2009-11-09 15:45:08.0000000;mz;PE32;IMAGE_FILE_MACHINE_I386
冒险岛online/ResMan.dll,53248,.dll,61dc53667ffbfe2ce41dab1bfcb291c0,daed67a80d229ae987c53986b4ee74585ab879e9,0b68220eea14df49f15f38c1a59fa5695400659a38c1dfd5ff71826015768fdc,archive_crc=A4F18832;packed_size=20318;modified=2017-07-05 18:45:59.0633579;mz;PE32;IMAGE_FILE_MACHINE_I386;ProductName=ResMan Module
冒险岛online/Setup.exe,307200,.exe,6046c46205ec43a5a18712d9fd8cdf32,7449fbbbb56abcf6386a512b06c2ccddbf2798d5,73c5b1dd6f3ff3442251ec389a7b8fd538419a29947f6a380928df8c4c76ad07,archive_crc=02CC46E7;packed_size=85088;modified=2017-07-05 18:45:58.0833018;mz;PE32;IMAGE_FILE_MACHINE_I386
冒险岛online/Shape2D.dll,86016,.dll,0e941459b818c950ed3d6193aa42fe53,c99f2f7a760b24f391acd73ca0cdfd06de2574a4,9802baccd787543221391b4b902ce199e99fb2cde6a4edadc2f4972490c8111b,archive_crc=10E45789;packed_size=30860;modified=2017-07-05 18:45:52.4469794;mz;PE32;IMAGE_FILE_MACHINE_I386;ProductName=Shape2D Module
冒险岛online/Skill.wz,74821220,.wz,,,c23c1409ec801c89b5bbc13308014c202efbfb3002efb4da7f33359f0430323f,archive_crc=B832C329;packed_size=60261930;modified=2010-01-29 00:10:08.0000000;magic=504b4731:PKG1;wz
冒险岛online/SkinH_EL.dll,88576,.dll,af47ac68c8fc3233017cb1d4c8c80f58,e1e32262b6f204f277cfa26e6db24a741272cad4,069030c59c3c0c36604f380ad563e284c356202f2adf044e4948937c51c8013b,archive_crc=E7D0C3F3;packed_size=85241;modified=2017-07-05 18:45:56.0761870;mz;PE32;IMAGE_FILE_MACHINE_I386;ProductName=SkinSharp GUI Toolkit;CompanyName=SkinSharp Inc.
冒险岛online/Sound.wz,366212494,.wz,,,d1a9fd213173d531d9710d6f568eb5e4d1a7fa390ed50fa7fcbb35b98f981505,archive_crc=20DD7A0F;packed_size=346972165;modified=2010-01-29 00:20:26.0000000;magic=504b4731:PKG1;wz
冒险岛online/Sound_DX8.dll,147456,.dll,4b7f9323df3e45a7f95a1e05b9537cae,f32ca0856e35627721d05b4d11928d2727e1f070,58598154b76dc5a255d7aae1b100888316e6162218d3e9c3eb62b7ed587bcdbb,archive_crc=F91C6698;packed_size=51901;modified=2017-07-05 18:45:57.2052516;mz;PE32;IMAGE_FILE_MACHINE_I386;ProductName=Sound_DX8 Module
冒险岛online/String.wz,9608592,.wz,,,76aa28a540296c91633f097c9429caa2f16e0f7d0a8d9d0f449192ec51abc510,archive_crc=30B93BD2;packed_size=2431432;modified=2017-07-02 00:53:14.0000000;magic=504b4731:PKG1;wz
冒险岛online/suipre.dll,417937,.dll,78423f5988254bb21229882d229ad059,c2275eaa27525181f07ca2e778294ae574096ccc,287eb2257ffd1dd3eaaab2a5a6debb1a6c80bebe04c186788e8b01498684c000,"archive_crc=7CA08523;packed_size=116556;modified=2009-11-09 15:45:22.0000000;mz;PE32;IMAGE_FILE_MACHINE_I386;ProductName=SUiPre DLL;CompanyName=AhnLab, Inc."
冒险岛online/TamingMob.wz,1876,.wz,,,64756585542455417e2de696395700e430a2510bd45cc1a4c22677cb273953a4,archive_crc=B4A72D59;packed_size=503;modified=2016-05-04 20:18:38.1074218;magic=504b4731:PKG1;wz
冒险岛online/UI.wz,33744089,.wz,,,f5d804c30a707c968d1d7d1f522935cd7c3fd455e3d02891e996abc7c033848d,archive_crc=074BB0BF;packed_size=27076022;modified=2017-07-25 10:10:16.0000000;magic=504b4731:PKG1;wz
冒险岛online/uninst.exe,595588,.exe,52060445cbbcf140a76661114952270f,da2f9b9290ef5d8a7037712c1fb2f0c7f1441a17,4c7528664df56a690aea19d8fc1dfffc3d1991ce4103227c36a2ca0ae1308943,archive_crc=DEAB6A92;packed_size=562252;modified=2016-10-19 20:48:37.5173745;mz;PE32;IMAGE_FILE_MACHINE_I386;ProductName=ãåé©å²onlineã;CompanyName=çå¤§ç½ç»åå±æéå¬å¸
冒险岛online/v3hunt.dll,131201,.dll,26ea11f891ccdea2db0f08190adfb40e,559e46a8e063fd3b8b9dcbe24599dfc73df93ea3,f4afe407bea443adbb18387de30bf139e8ff8cd6028464f200efc55d1348cce9,"archive_crc=CB0474C1;packed_size=56382;modified=2009-11-09 15:45:22.0000000;mz;protection-path;PE32;IMAGE_FILE_MACHINE_I386;ProductName=Smart Update Utility;CompanyName=AhnLab, Inc."
冒险岛online/WzFlashRenderer.dll,524288,.dll,f3a9be0bc37f3f5c69f2efb88ae2b7bf,c0f4cd55b89d6860a996de44da3e4c5740bf7205,944d5aa6674c27c70e40ab56ec5af5d1bb4aeb8298947069202f8fb7f24ba356,archive_crc=4E5BA0E5;packed_size=201129;modified=2017-07-05 18:46:00.7024516;mz;PE32;IMAGE_FILE_MACHINE_I386;ProductName=TODO: <ì í ì´ë¦>;CompanyName=TODO: <íì¬ ì´ë¦>
冒险岛online/WzMss.dll,188416,.dll,47ea33add83f980913a14c7fd79c29f6,79a91d37840afd61a5e42ad498ab0c4a781da363,fb18f661f5ed7edb29e69a0ff7e1ef7c4a1d56c6e6c0b328126e3b21ec0bdc45,archive_crc=545E386C;packed_size=75422;modified=2017-07-05 18:46:01.9395224;mz;PE32;IMAGE_FILE_MACHINE_I386
冒险岛online/ZLZ.dll,81973,.dll,735682029abd864122c022e6781d8962,bbf5ae584db29f7312e617918aad12475f949f89,62fb97d19878190d3074d1d34b42937ac5dd09688bcb10a2b75f0e205b1a3183,archive_crc=B32180C3;packed_size=31936;modified=2009-11-09 15:45:22.0000000;mz;PE32;IMAGE_FILE_MACHINE_I386
冒险岛online/冒险岛HS修正工具.exe,652301,.exe,5d17868eb91099adb8750c50d1f701d7,50c142b35e18b36f5d7d578212c296a08ff3d8ff,69ffefe5753f697b9e8dcdf3cb5a8f8bc36e790798dcd2e82aeeeb7849e76510,archive_crc=4600E340;packed_size=625932;modified=2016-12-01 16:39:16.0000000;mz;PE32;IMAGE_FILE_MACHINE_I386
冒险岛online/单机登陆器.bat,29,.bat,,,9912f2f80e611f35649589609395f70d6a5bae80cf9f3284eb6fe11f16ea0105,archive_crc=8E77D421;packed_size=29;modified=2017-09-12 01:49:40.8732532
冒险岛online/登录器使用说明.txt,193,.txt,,,57782c7f3e344547a8e1ed73de78067793190150d49e06aa5f53e8c43f3959dc,archive_crc=7B71B736;packed_size=188;modified=2017-09-23 11:07:53.2846163
