pid,module_name,module_base,module_size,architecture,allocation_base,memory_type,protection,normalized_path,sha256
14496,MapleStory.exe,0x00400000,0x9DA000,x86,0x00400000,MEM_IMAGE,PAGE_READONLY,"%USERPROFILE%\Documents\GitHub\adventure-island\.work\task-001\extracted\冒险岛online\MapleStory.exe",5d280cf1c5663e925104736e73e5715a5a529d25420babf410cc411b37940f4d
14496,WzMss.dll,0x10000000,0x2F000,x86,0x10000000,MEM_IMAGE,PAGE_READONLY,"%USERPROFILE%\Documents\GitHub\adventure-island\.work\task-001\extracted\冒险岛online\WzMss.dll",fb18f661f5ed7edb29e69a0ff7e1ef7c4a1d56c6e6c0b328126e3b21ec0bdc45
14496,mss32.dll,0x21100000,0x99000,x86,0x21100000,MEM_IMAGE,PAGE_READONLY,"%USERPROFILE%\Documents\GitHub\adventure-island\.work\task-001\extracted\冒险岛online\mss32.dll",1765660955b6441674d0424e5af408d65441595fb4bc87422fbab07c41e13c35
14496,iloveaki.dat,0x60000000,0x58000,x86,0x60000000,MEM_IMAGE,PAGE_READONLY,"%USERPROFILE%\Documents\GitHub\adventure-island\.work\task-001\extracted\冒险岛online\iloveaki.dat",41d37bfb0a39017497e0aa373dc01f71ac9c5046c75f7cd269bee52112a5f3a1
14496,msxml6.dll,0x6BBD0000,0x1C1000,x86,0x6BBD0000,MEM_IMAGE,PAGE_READONLY,"C:\Windows\SysWOW64\msxml6.dll",ee9b3ecdc7b3dcc773c735c4ba87a4a0d5bf58aba6cc07297e82baa0d7face97
14496,icm32.dll,0x6BDA0000,0x3E000,x86,0x6BDA0000,MEM_IMAGE,PAGE_READONLY,"C:\Windows\SysWOW64\icm32.dll",fb9a6905e16f244932fc4f79576213cbab93f536c80a8326189b4b26beb9c36d
14496,mscms.dll,0x6BDF0000,0x9F000,x86,0x6BDF0000,MEM_IMAGE,PAGE_READONLY,"C:\Windows\SysWOW64\mscms.dll",822d4282d46a384569bb54192659be74109ace3509753bba173dc5e7660659af
14496,WindowsCodecsExt.dll,0x6BEA0000,0x42000,x86,0x6BEA0000,MEM_IMAGE,PAGE_READONLY,"C:\Windows\SysWOW64\WindowsCodecsExt.dll",654894639eaaae89a59c15f0d1c67d4eb8121c4362867dc3e576d3eb59c9f8fb
14496,WindowsCodecs.dll,0x6BEF0000,0x1DF000,x86,0x6BEF0000,MEM_IMAGE,PAGE_READONLY,"C:\Windows\SysWOW64\WindowsCodecs.dll",c4e7620529dd7b9a9323c957c0e48c8e763509b2369f544ba681ea06da0134b6
14496,UIAutomationCore.dll,0x6C0E0000,0x34F000,x86,0x6C0E0000,MEM_IMAGE,PAGE_READONLY,"C:\Windows\SysWOW64\UIAutomationCore.dll",99f82a5f651b2dbf3701eaf2cdf127f882d5a4d4b4d95911f407035445d64059
14496,msls31.dll,0x6C440000,0x2C000,x86,0x6C440000,MEM_IMAGE,PAGE_READONLY,"C:\Windows\SysWOW64\msls31.dll",f729698ef1853e531952f94b34542e6d4a42e581d8c1e835c15a1a7f296118a4
14496,d3d11.dll,0x6CB50000,0x1EB000,x86,0x6CB50000,MEM_IMAGE,PAGE_READONLY,"C:\Windows\SysWOW64\d3d11.dll",24d1b3a7c832ea3dc1883371afecf666650bf8a20e64d8cbd0a77e89039edf98
14496,DWrite.dll,0x6CD40000,0x216000,x86,0x6CD40000,MEM_IMAGE,PAGE_READONLY,"C:\Windows\SysWOW64\DWrite.dll",9d424addde41e94bd007f53e86c2a45629727cf8bbbd4ee01622359d1595bf2a
14496,d2d1.dll,0x6CF60000,0x514000,x86,0x6CF60000,MEM_IMAGE,PAGE_READONLY,"C:\Windows\SysWOW64\d2d1.dll",e00cfe732379f4b3753f27b3123ad798e082417b8ac61f7ab2db455d5b2ebeb4
14496,AudioSes.dll,0x6D480000,0x171000,x86,0x6D480000,MEM_IMAGE,PAGE_READONLY,"C:\Windows\SysWOW64\AudioSes.dll",0b25b4e1bc3513efd69a8a035c5b92e94cac0d983690b582fd52782a2e39f129
14496,directxdatabasehelper.dll,0x6D600000,0x4D000,x86,0x6D600000,MEM_IMAGE,PAGE_READONLY,"C:\Windows\SysWOW64\directxdatabasehelper.dll",c471e9b5e29a38fce19190650eed67164cd9a7eaf7cfb082ada49a49c53d00c6
14496,DXCore.dll,0x6D660000,0x37000,x86,0x6D660000,MEM_IMAGE,PAGE_READONLY,"C:\Windows\SysWOW64\DXCore.dll",848382e31f21c5d7b98fd3047efb94d8e9ab6e8780edf0e55c1cdac290833881
14496,jscript9.dll,0x6D6A0000,0x390000,x86,0x6D6A0000,MEM_IMAGE,PAGE_READONLY,"C:\Windows\SysWOW64\jscript9.dll",7ddb1105000cac93fb27b2871ec88ad709e12f679d812f784861690ce2433f2f
14496,msimtf.dll,0x6DA40000,0xE000,x86,0x6DA40000,MEM_IMAGE,PAGE_READONLY,"C:\Windows\SysWOW64\msimtf.dll",903bf4b6e46c37fe8304cc8224c0298a1aa94fd3f15f4fa7440cc2e201927f18
14496,srpapi.dll,0x6DA60000,0x31000,x86,0x6DA60000,MEM_IMAGE,PAGE_READONLY,"C:\Windows\SysWOW64\srpapi.dll",30bbb54999c813112bc13df1d27223bc5534b71baf9a98b8129b7e558f5b0f87
14496,mlang.dll,0x6DAA0000,0x35000,x86,0x6DAA0000,MEM_IMAGE,PAGE_READONLY,"C:\Windows\SysWOW64\mlang.dll",8505541f6eeb4b525147d73d693e8e9359771979db75e9339a6e57df14368273
14496,cryptnet.dll,0x6DAE0000,0x2B000,x86,0x6DAE0000,MEM_IMAGE,PAGE_READONLY,"C:\Windows\SysWOW64\cryptnet.dll",69a8495f7d5290931ba741b87ca0e785f21768f9e65d8718a02a21d3992897ef
14496,rsaenh.dll,0x6DB10000,0x32000,x86,0x6DB10000,MEM_IMAGE,PAGE_READONLY,"C:\Windows\SysWOW64\rsaenh.dll",898179763b3fc4b288820ceb8ee24605375f7e0e98d0a27a2d95430b818d37e8
14496,cryptsp.dll,0x6DB50000,0x14000,x86,0x6DB50000,MEM_IMAGE,PAGE_READONLY,"C:\Windows\SysWOW64\cryptsp.dll",ee4ea256f8edc949fc0ef9b9425d1afa22aea98faf7dbcc7c73161d93fa44c72
14496,ncryptsslp.dll,0x6DB70000,0x3A000,x86,0x6DB70000,MEM_IMAGE,PAGE_READONLY,"C:\Windows\SysWOW64\ncryptsslp.dll",69856eea593d0dd92bebc403caf962892b8ea7248c3419227a60457af2c414c4
14496,schannel.dll,0x6DBB0000,0x91000,x86,0x6DBB0000,MEM_IMAGE,PAGE_READONLY,"C:\Windows\SysWOW64\schannel.dll",4be8ea35a7ef6164dc60b8e951a2a885767d35bf627d46ee32332093f513ce9b
14496,oleacc.dll,0x6DC50000,0x59000,x86,0x6DC50000,MEM_IMAGE,PAGE_READONLY,"C:\Windows\SysWOW64\oleacc.dll",e4d3a3755722870830eaf8331edcafbb0d41ec3ad164dfd4e20c76f837505da8
14496,CoreUIComponents.dll,0x6DCB0000,0x293000,x86,0x6DCB0000,MEM_IMAGE,PAGE_READONLY,"C:\Windows\SysWOW64\CoreUIComponents.dll",749c2eb7bd69c831c5c7a02da0b97ead8ab05bbd2873889f04860f865d0610f0
14496,TextInputFramework.dll,0x6DF50000,0xFF000,x86,0x6DF50000,MEM_IMAGE,PAGE_READONLY,"C:\Windows\SysWOW64\TextInputFramework.dll",473833496f08695a79c9d6dba94e1cf7c2b1f3819b095626508fb801ad48c66e
14496,mshtml.dll,0x6E060000,0x120A000,x86,0x6E060000,MEM_IMAGE,PAGE_READONLY,"C:\Windows\SysWOW64\mshtml.dll",e8456dc56faf9b299b840fbcb09ed139aca65c075bc94448dd5e4a4f9909fa9b
14496,msIso.dll,0x6F270000,0x36000,x86,0x6F270000,MEM_IMAGE,PAGE_READONLY,"C:\Windows\SysWOW64\msIso.dll",bd2a4281d693526ecc36822e21249bf2387c0f42d2a11e58a8b870f2d278166d
14496,twinapi.appcore.dll,0x6F2B0000,0x1F1000,x86,0x6F2B0000,MEM_IMAGE,PAGE_READONLY,"C:\Windows\SysWOW64\twinapi.appcore.dll",f06b97993a78f228e0f05ed1eade1d29a3633c59abb9160d52aac4b0f1dfe215
14496,DataExchange.dll,0x6F4B0000,0x4C000,x86,0x6F4B0000,MEM_IMAGE,PAGE_READONLY,"C:\Windows\SysWOW64\DataExchange.dll",f0e531caf7da2dd59138057fc20358f12f48fdc60a7dc4687f624fc453b5a596
14496,ieframe.dll,0x6F510000,0x607000,x86,0x6F510000,MEM_IMAGE,PAGE_READONLY,"C:\Windows\SysWOW64\ieframe.dll",fcf35bc342dc57a9965dedc5f85267eb00145870b2c0cd73195df83388d51624
14496,CoreMessaging.dll,0x6FB20000,0xE0000,x86,0x6FB20000,MEM_IMAGE,PAGE_READONLY,"C:\Windows\SysWOW64\CoreMessaging.dll",93ed751bc4b65c61c85d4552ad91a4cd3bb8d60616c869e8511971db6a41901a
14496,InputHost.dll,0x6FC10000,0x172000,x86,0x6FC10000,MEM_IMAGE,PAGE_READONLY,"C:\Windows\SysWOW64\InputHost.dll",b0d67681c9030e157311202c0b78409249ba97b65ea1d85e5806761ea09d777c
14496,dinput8.dll,0x6FD90000,0x38000,x86,0x6FD90000,MEM_IMAGE,PAGE_READONLY,"C:\Windows\SysWOW64\dinput8.dll",2a746ccf3922aecced0387f3c6e21e55c6df786df8164c482f2a2e6165edd395
14496,uxtheme.dll,0x6FDD0000,0x7E000,x86,0x6FDD0000,MEM_IMAGE,PAGE_READONLY,"C:\Windows\SysWOW64\uxtheme.dll",9272416d85266c9f1bbec589cdd3212de8ad02da4471a29dd598d362f44878db
14496,TextShaping.dll,0x6FE60000,0xEB000,x86,0x6FE60000,MEM_IMAGE,PAGE_READONLY,"C:\Windows\SysWOW64\TextShaping.dll",5166718ce674295002f9128f8b5a61af83f48c10b11442ecc8eb0fdc89a17358
14496,msvcr90.dll,0x6FF50000,0xA3000,x86,0x6FF50000,MEM_IMAGE,PAGE_READONLY,"C:\Windows\WinSxS\x86_microsoft.vc90.crt_1fc8b3b9a1e18e3b_9.0.30729.9635_none_508ff82ebcbafee0\msvcr90.dll",1e984b8d06618ed54733d00a2a3f44fde4c6cb11d9a2e4635c7c0312cde7b91a
14496,apphelp.dll,0x70000000,0xAF000,x86,0x70000000,MEM_IMAGE,PAGE_READONLY,"C:\Windows\SysWOW64\apphelp.dll",a8109618c3bf3623be23e8e18f1e7184538600c953169297fd0009ed77564c6e
14496,wininet.dll,0x705E0000,0x223000,x86,0x705E0000,MEM_IMAGE,PAGE_READONLY,"C:\Windows\SysWOW64\wininet.dll",14eac19d11f601aec23caa02c8d4b686352355caaff921690fb197ec17279b14
14496,version.dll,0x70A50000,0x8000,x86,0x70A50000,MEM_IMAGE,PAGE_READONLY,"C:\Windows\SysWOW64\version.dll",4f66b88731e84be8e1545eefc589a79e701cca426ce916e4ac9322e60ea9680b
14496,cfgmgr32.dll,0x70C80000,0x40000,x86,0x70C80000,MEM_IMAGE,PAGE_READONLY,"C:\Windows\SysWOW64\cfgmgr32.dll",01af4eede3f7408879c7c55893c8b1d26111220fc08e89d1967f8bd40938ba95
14496,OnDemandConnRouteHelper.dll,0x70D30000,0x18000,x86,0x70D30000,MEM_IMAGE,PAGE_READONLY,"C:\Windows\SysWOW64\OnDemandConnRouteHelper.dll",0964acd842f40ea6a2190fef8831974d852425f4d9d86161fb923e68257e01b4
14496,bcrypt.dll,0x70D50000,0x1C000,x86,0x70D50000,MEM_IMAGE,PAGE_READONLY,"C:\Windows\SysWOW64\bcrypt.dll",137cec7506fdb011ed03c5a7b51c6ea168cc75ec4359b8dc3f83855622d86bc3
14496,profapi.dll,0x70DF0000,0x1E000,x86,0x70DF0000,MEM_IMAGE,PAGE_READONLY,"C:\Windows\SysWOW64\profapi.dll",b7447c8d750bce9bbb33471bd14e9a44b016d9f7cb8bf36da98d98092565e64b
14496,winnsi.dll,0x70E20000,0xA000,x86,0x70E20000,MEM_IMAGE,PAGE_READONLY,"C:\Windows\SysWOW64\winnsi.dll",048465392edf074fd8e05f29da1b9588b87c1914b3685623b2526afa53793b66
14496,ijl15.dll,0x70E30000,0x6000,x86,0x70E30000,MEM_IMAGE,PAGE_READONLY,"%USERPROFILE%\Documents\GitHub\adventure-island\.work\task-001\extracted\冒险岛online\ijl15.dll",b1bc97dc2913b8f92eeb9f369570202df0fddabcb0d6cc6609504783ac1df0f2
14496,ntasn1.dll,0x70E40000,0x28000,x86,0x70E40000,MEM_IMAGE,PAGE_READONLY,"C:\Windows\SysWOW64\ntasn1.dll",84936b4006ee2e7d7fe5481883a913100abe64fa3edbf34e6ab7c598ae5bfb94
14496,umpdc.dll,0x70E70000,0xF000,x86,0x70E70000,MEM_IMAGE,PAGE_READONLY,"C:\Windows\SysWOW64\umpdc.dll",52e5f333029039f3a7e5f28c673fbc25d5b2f2151dea6358802e668759d736a5
14496,cryptbase.dll,0x70F20000,0xA000,x86,0x70F20000,MEM_IMAGE,PAGE_READONLY,"C:\Windows\SysWOW64\cryptbase.dll",795b93001b5c00b4c6ad0806c12df0d4f3477cbed0c261a85b92e5f77ff64a94
14496,dpapi.dll,0x70F30000,0x9000,x86,0x70F30000,MEM_IMAGE,PAGE_READONLY,"C:\Windows\SysWOW64\dpapi.dll",14da01c7e0fcf3dad64899f5cf6e130839ac034ce43a4095577e2ac98e23683f
14496,powrprof.dll,0x70F40000,0x55000,x86,0x70F40000,MEM_IMAGE,PAGE_READONLY,"C:\Windows\SysWOW64\powrprof.dll",834b832c2a0b4400212702a2df921b1e572f2fc690c94f80491919091695e694
14496,winhttp.dll,0x70FD0000,0xE6000,x86,0x70FD0000,MEM_IMAGE,PAGE_READONLY,"C:\Windows\SysWOW64\winhttp.dll",b037ecd897b07fd0fb4ad671efbb24241327f18657116aa8c53e88a4efe93800
14496,ncrypt.dll,0x710C0000,0x28000,x86,0x710C0000,MEM_IMAGE,PAGE_READONLY,"C:\Windows\SysWOW64\ncrypt.dll",473a5426ec2cc0bcd717de427b510be84422c1ef04219326582bb6fdadec6e8b
14496,srvcli.dll,0x710F0000,0x1E000,x86,0x710F0000,MEM_IMAGE,PAGE_READONLY,"C:\Windows\SysWOW64\srvcli.dll",17159e21d4927bcb1e249a0f6cade3934488af0717ee007bc78a0e5b13e46595
14496,winmm.dll,0x71120000,0x33000,x86,0x71120000,MEM_IMAGE,PAGE_READONLY,"C:\Windows\SysWOW64\winmm.dll",eefb711e78a3e2031ff2015d04471da7258945f40bce2dd54433f664c2d667bf
14496,dxgi.dll,0x71160000,0x108000,x86,0x71160000,MEM_IMAGE,PAGE_READONLY,"C:\Windows\SysWOW64\dxgi.dll",2e4a6e4b43f31effaae8eec1bc43d9398a4302f0cbfdfaca67ea2cba3c24a0d6
14496,secur32.dll,0x71270000,0xA000,x86,0x71270000,MEM_IMAGE,PAGE_READONLY,"C:\Windows\SysWOW64\secur32.dll",74b2cd35d050c2ae3ef47a5ea7c462338b22efc5e6f5aeec680eca83d7a634c4
14496,netutils.dll,0x71280000,0xB000,x86,0x71280000,MEM_IMAGE,PAGE_READONLY,"C:\Windows\SysWOW64\netutils.dll",d2061569cac8e61d66db7fde9cb2d93797a211eea562bc7bfb4be4bc00fb00bf
14496,wkscli.dll,0x71480000,0x13000,x86,0x71480000,MEM_IMAGE,PAGE_READONLY,"C:\Windows\SysWOW64\wkscli.dll",35501bf779f3312fd5bf546de1aa5a7c5c4ada05c1f76ce520333213a77478df
14496,comctl32.dll,0x714A0000,0x227000,x86,0x714A0000,MEM_IMAGE,PAGE_READONLY,"C:\Windows\WinSxS\x86_microsoft.windows.common-controls_6595b64144ccf1df_6.0.26100.9278_none_85ba527ff7ac5b07\comctl32.dll",abaf51d752f7442c8734810981904419fa2219b23f7f197e8fa279106bad890d
14496,sspicli.dll,0x716D0000,0x2B000,x86,0x716D0000,MEM_IMAGE,PAGE_READONLY,"C:\Windows\SysWOW64\sspicli.dll",730e5f5f85af00e49a54403fb630c8337ce9f516434fa6b674167d3f87e4066f
14496,iertutil.dll,0x71700000,0x23D000,x86,0x71700000,MEM_IMAGE,PAGE_READONLY,"C:\Windows\SysWOW64\iertutil.dll",0664871ff6c9ddf2363051ef5b06054697dcd041606cc58127b3abd6428863bf
14496,msasn1.dll,0x71950000,0xE000,x86,0x71950000,MEM_IMAGE,PAGE_READONLY,"C:\Windows\SysWOW64\msasn1.dll",ad134f21e46afa9d28e728243a6bc27739e57aaac07b0f6aff37c4381532eea4
14496,urlmon.dll,0x719A0000,0x197000,x86,0x719A0000,MEM_IMAGE,PAGE_READONLY,"C:\Windows\SysWOW64\urlmon.dll",3179c8bb4bb9d8d3fefc8a474a081f2d9e1ceb1a97f8f3b6f637590d0d5f49c2
14496,WinTypes.dll,0x73DB0000,0xF9000,x86,0x73DB0000,MEM_IMAGE,PAGE_READONLY,"C:\Windows\SysWOW64\WinTypes.dll",06eb20e522cd4d3e1635911669524bead68fc2c0780c1883e8ba2752d256a7ac
14496,rasadhlp.dll,0x73F50000,0x8000,x86,0x73F50000,MEM_IMAGE,PAGE_READONLY,"C:\Windows\SysWOW64\rasadhlp.dll",7ef8e7908f9e3c7479589d4ab43147d8500e0019e66a14938eebfb820bb9edc8
14496,FWPUCLNT.DLL,0x73F60000,0x62000,x86,0x73F60000,MEM_IMAGE,PAGE_READONLY,"C:\Windows\SysWOW64\FWPUCLNT.DLL",70e2f82e133ab121f6024c4a608f83ffbb37b95223ac96b1d7b8a765f0987dbb
14496,mdnsNSP.dll,0x73FD0000,0x21000,x86,0x73FD0000,MEM_IMAGE,PAGE_READONLY,"C:\Program Files (x86)\Bonjour\mdnsNSP.dll",5d40fd92da5ca59c1badb58ad509db6a6d613f18660a9a270a53eca85d34c3a9
14496,wshbth.dll,0x74000000,0x12000,x86,0x74000000,MEM_IMAGE,PAGE_READONLY,"C:\Windows\SysWOW64\wshbth.dll",cfd7ac5be731bb841d401b48c193f030f70a75168eefc3a5e577a7ff899dccf6
14496,nlansp_c.dll,0x74020000,0x1E000,x86,0x74020000,MEM_IMAGE,PAGE_READONLY,"C:\Windows\SysWOW64\nlansp_c.dll",2c57b2d8bc801e7878e2d53ebf32fa6001b3b88cbe5bb3dc964a4e5c1f0bfe94
14496,winrnr.dll,0x74050000,0xE000,x86,0x74050000,MEM_IMAGE,PAGE_READONLY,"C:\Windows\SysWOW64\winrnr.dll",4906e907a2d2abcfee1e27464bc777cd0cb4bd50d10b249cb5c94d6a107904b3
14496,propsys.dll,0x74070000,0xC9000,x86,0x74070000,MEM_IMAGE,PAGE_READONLY,"C:\Windows\SysWOW64\propsys.dll",4c1dc514ef3eb4fb07e8ca6f01d58c94a8fb6449d0422382d33b36110bffb232
14496,dsparse.dll,0x74140000,0xA000,x86,0x74140000,MEM_IMAGE,PAGE_READONLY,"C:\Windows\SysWOW64\dsparse.dll",3f5c647f974f5fa6aad7364aec52df62133b983eec40b62c8a4b188df2fac34b
14496,dnsapi.dll,0x74150000,0x10D000,x86,0x74150000,MEM_IMAGE,PAGE_READONLY,"C:\Windows\SysWOW64\dnsapi.dll",a52f385191ea1542207ae1115729b9272c2abb65317f3e8681330d65f940ec35
14496,kernel.appcore.dll,0x74270000,0x15000,x86,0x74270000,MEM_IMAGE,PAGE_READONLY,"C:\Windows\SysWOW64\kernel.appcore.dll",b1d3e1c0cd752be86ab59e151b9627f703a30c6d4d43bcb14522ea738b1886f4
14496,mswsock.dll,0x74290000,0x54000,x86,0x74290000,MEM_IMAGE,PAGE_READONLY,"C:\Windows\SysWOW64\mswsock.dll",a501f7df061b1600c48b36af516d1ef3b3ec67230303fe1549dd8c930726b121
14496,NapiNSP.dll,0x742F0000,0x12000,x86,0x742F0000,MEM_IMAGE,PAGE_READONLY,"C:\Windows\SysWOW64\NapiNSP.dll",af779385f5ccdaa3b3413cd8ff3f7774f0834d4f6f199025158797ebba42f174
14496,IPHLPAPI.DLL,0x74310000,0x26000,x86,0x74310000,MEM_IMAGE,PAGE_READONLY,"C:\Windows\SysWOW64\IPHLPAPI.DLL",6e10553e0c45fc9595a977932633f8b2ac32da015b1d669f144aef806421879c
14496,windows.storage.dll,0x74340000,0x719000,x86,0x74340000,MEM_IMAGE,PAGE_READONLY,"C:\Windows\SysWOW64\windows.storage.dll",af7298c0b4a83ccee4c9d8400207e94cbafcfcdbe95fd9d0f7f5232dfd1e1f47
14496,comctl32.dll,0x74A80000,0x91000,x86,0x74A80000,MEM_IMAGE,PAGE_READONLY,"C:\Windows\WinSxS\x86_microsoft.windows.common-controls_6595b64144ccf1df_5.82.26100.8521_none_cf9e08b68ea73d80\comctl32.dll",edcc46516586b3a11ba583d0a1e288a081d48db00361c28dfbcb5177e5ba7b9c
14496,msvcp_win.dll,0x74B40000,0x85000,x86,0x74B40000,MEM_IMAGE,PAGE_READONLY,"C:\Windows\SysWOW64\msvcp_win.dll",2c3dd2c830375591addea061588f8183bcafdba501c638526b85215465ac905a
14496,bcryptprimitives.dll,0x74BD0000,0x7A000,x86,0x74BD0000,MEM_IMAGE,PAGE_READONLY,"C:\Windows\SysWOW64\bcryptprimitives.dll",dfd29f2c1f28034949f0a3716a99f00816bda0bffd48a5a2750be4569e7d21ee
14496,KernelBase.dll,0x74C50000,0x2DA000,x86,0x74C50000,MEM_IMAGE,PAGE_READONLY,"C:\Windows\SysWOW64\KernelBase.dll",85ad413ff860898f9e511f2e63c0e30f7aed1275fd1fd44fa90801211d328253
14496,shell32.dll,0x74F30000,0x665000,x86,0x74F30000,MEM_IMAGE,PAGE_READONLY,"C:\Windows\SysWOW64\shell32.dll",1d79d4611f64bb78c10a4688377cddd2e93b6dd12437c537f11d3d763772dea0
14496,win32u.dll,0x755A0000,0x1C000,x86,0x755A0000,MEM_IMAGE,PAGE_READONLY,"C:\Windows\SysWOW64\win32u.dll",7183521868938b0f6c131ef58288aed6cb55e4bde34d27d9612616ddc4dc2b33
14496,ole32.dll,0x75660000,0x157000,x86,0x75660000,MEM_IMAGE,PAGE_READONLY,"C:\Windows\SysWOW64\ole32.dll",d178e227ede5073ecfed4528199b03327e1c2edff9ddd09d79d4af821fdde968
14496,crypt32.dll,0x757C0000,0x10E000,x86,0x757C0000,MEM_IMAGE,PAGE_READONLY,"C:\Windows\SysWOW64\crypt32.dll",23189fed3a48d7322e28a9d4be0e64d8b3984c3aff7cd67eb545edc2a463506b
14496,ws2_32.dll,0x758E0000,0x6A000,x86,0x758E0000,MEM_IMAGE,PAGE_READONLY,"C:\Windows\SysWOW64\ws2_32.dll",4da35234f9306c1de886560eb34ec105e80a2da3917f59de66b349e969b3dbc5
14496,shlwapi.dll,0x75960000,0x52000,x86,0x75960000,MEM_IMAGE,PAGE_READONLY,"C:\Windows\SysWOW64\shlwapi.dll",184748cce799bcf03100775e6a93288be314161d290cf27cc96a4fb0dbb45528
14496,oleaut32.dll,0x759C0000,0x9F000,x86,0x759C0000,MEM_IMAGE,PAGE_READONLY,"C:\Windows\SysWOW64\oleaut32.dll",3e336f37041d83e4c699309a6b8d93c2300ba6098bf042731eb5ddce4228a3bf
14496,msctf.dll,0x75A70000,0x117000,x86,0x75A70000,MEM_IMAGE,PAGE_READONLY,"C:\Windows\SysWOW64\msctf.dll",2755d3fbabd83ce05043192f364f1ed46c791fde4179357d89a254c640fb5e69
14496,msvcrt.dll,0x75C30000,0xC7000,x86,0x75C30000,MEM_IMAGE,PAGE_READONLY,"C:\Windows\SysWOW64\msvcrt.dll",23a918921c545140d189ce6dc68590bacdeb0ab2f3e3a9a2d722c5aff45ce64f
14496,kernel32.dll,0x76240000,0xF0000,x86,0x76240000,MEM_IMAGE,PAGE_READONLY,"C:\Windows\SysWOW64\kernel32.dll",bafd9e061964642802d62f1eb694e7e4af60de739a8df1a492f90006dc5680f3
14496,sechost.dll,0x76340000,0x85000,x86,0x76340000,MEM_IMAGE,PAGE_READONLY,"C:\Windows\SysWOW64\sechost.dll",bfb478f918ee80d1945237cb15db42e2c5e2e324fa00211de37511c1cc720ad4
14496,SHCore.dll,0x763D0000,0xD6000,x86,0x763D0000,MEM_IMAGE,PAGE_READONLY,"C:\Windows\SysWOW64\SHCore.dll",6b5db294c55eb62f6dc0e038b858a60b90a80a5e2933d49e8b512b1491267225
14496,wintrust.dll,0x764B0000,0x67000,x86,0x764B0000,MEM_IMAGE,PAGE_READONLY,"C:\Windows\SysWOW64\wintrust.dll",0a20c74f8fe8388e988d93062172ddd9f610d84b0150036bbf90d51374360c4b
14496,combase.dll,0x76520000,0x293000,x86,0x76520000,MEM_IMAGE,PAGE_READONLY,"C:\Windows\SysWOW64\combase.dll",3f152587249ff6623eb0023cf52cad64aac02f6d8117d8754349f83768f9a6f8
14496,gdi32.dll,0x767C0000,0x22000,x86,0x767C0000,MEM_IMAGE,PAGE_READONLY,"C:\Windows\SysWOW64\gdi32.dll",7c3cb17bc41a00e5167a82aef67d0da4a09e73e6deba9addcdc8b20a90b5186c
14496,advapi32.dll,0x767F0000,0x85000,x86,0x767F0000,MEM_IMAGE,PAGE_READONLY,"C:\Windows\SysWOW64\advapi32.dll",06e6ee5fcd0601e181e5dd8f9a6328dd79b6bcc8fcdfc2b1a7832f0556d0d049
14496,nsi.dll,0x76880000,0x7000,x86,0x76880000,MEM_IMAGE,PAGE_READONLY,"C:\Windows\SysWOW64\nsi.dll",77043dff37bc7303399ea301a6477bbaaa676f7ea40ce3492f442b233d5bffe3
14496,gdi32full.dll,0x76890000,0xEA000,x86,0x76890000,MEM_IMAGE,PAGE_READONLY,"C:\Windows\SysWOW64\gdi32full.dll",579857a52f8e9cccff64a4c1c1eb5d2a4a8c6e19c30eab16bef63ed6d61e8806
14496,user32.dll,0x76980000,0x1E7000,x86,0x76980000,MEM_IMAGE,PAGE_READONLY,"C:\Windows\SysWOW64\user32.dll",bff75906f4abcc050cf85e38e20090ea0edf7dc33e0ed60cb74cf9e1bc007527
14496,rpcrt4.dll,0x76C30000,0xBC000,x86,0x76C30000,MEM_IMAGE,PAGE_READONLY,"C:\Windows\SysWOW64\rpcrt4.dll",6e3f4e700f03dc415d0a52ffdaac0ce3dfe80a42cd5e27dd304ccc11afea11d8
14496,imm32.dll,0x76E90000,0x25000,x86,0x76E90000,MEM_IMAGE,PAGE_READONLY,"C:\Windows\SysWOW64\imm32.dll",027d404ea547f446740336b90dc69b0cfa7c2bea4f1f366053251364f0eefe02
14496,clbcatq.dll,0x76EC0000,0x86000,x86,0x76EC0000,MEM_IMAGE,PAGE_READONLY,"C:\Windows\SysWOW64\clbcatq.dll",563a2b4971c8d3939da11770690e41f56168b16b7b385726815c342f6626d952
14496,ucrtbase.dll,0x76F50000,0x110000,x86,0x76F50000,MEM_IMAGE,PAGE_READONLY,"C:\Windows\SysWOW64\ucrtbase.dll",60c5a497b52de80a3a0677564270dbea7e486086637debd567b4dffb28584c1b
14496,wow64cpu.dll,0x77070000,0xA000,x64,0x77070000,MEM_IMAGE,PAGE_READONLY,"C:\Windows\System32\wow64cpu.dll",3441d4739e7500bf6820be3f02facf020d42664b38e754014e3a80e94e03718c
14496,ntdll.dll,0x77080000,0x1BF000,x86,0x77080000,MEM_IMAGE,PAGE_READONLY,"C:\Windows\SysWOW64\ntdll.dll",7e15bd30890e9bf93b47fc894a68b2445618ee7528eb39584a263b21e112f9df
