iteration,candidate_va,candidate_module,allocation_base,mapped,mem_image,disk_pe_valid,passes_validation,visited_before_hit
0,0x76250000,kernel32.dll,0x76240000,yes,yes,yes,no,yes
1,0x76240000,kernel32.dll,0x76240000,yes,yes,yes,yes,yes
2,0x76230000,,,no,no,no,no,no
3,0x76220000,,,no,no,no,no,no
4,0x76210000,,,no,no,no,no,no
5,0x76200000,,,no,no,no,no,no
6,0x761F0000,,,no,no,no,no,no
7,0x761E0000,,,no,no,no,no,no
8,0x761D0000,,,no,no,no,no,no
9,0x761C0000,,,no,no,no,no,no
10,0x761B0000,,,no,no,no,no,no
11,0x761A0000,,,no,no,no,no,no
12,0x76190000,,,no,no,no,no,no
13,0x76180000,,,no,no,no,no,no
14,0x76170000,,,no,no,no,no,no
15,0x76160000,,,no,no,no,no,no
16,0x76150000,,,no,no,no,no,no
17,0x76140000,,,no,no,no,no,no
18,0x76130000,,,no,no,no,no,no
19,0x76120000,,,no,no,no,no,no
20,0x76110000,,,no,no,no,no,no
21,0x76100000,,,no,no,no,no,no
22,0x760F0000,,,no,no,no,no,no
23,0x760E0000,,,no,no,no,no,no
24,0x760D0000,,,no,no,no,no,no
25,0x760C0000,,,no,no,no,no,no
26,0x760B0000,,,no,no,no,no,no
27,0x760A0000,,,no,no,no,no,no
28,0x76090000,,,no,no,no,no,no
29,0x76080000,,,no,no,no,no,no
30,0x76070000,,,no,no,no,no,no
31,0x76060000,,,no,no,no,no,no
32,0x76050000,,,no,no,no,no,no
33,0x76040000,,,no,no,no,no,no
34,0x76030000,,,no,no,no,no,no
35,0x76020000,,,no,no,no,no,no
36,0x76010000,,,no,no,no,no,no
37,0x76000000,,,no,no,no,no,no
38,0x75FF0000,,,no,no,no,no,no
39,0x75FE0000,,,no,no,no,no,no
40,0x75FD0000,,,no,no,no,no,no
41,0x75FC0000,,,no,no,no,no,no
42,0x75FB0000,,,no,no,no,no,no
43,0x75FA0000,,,no,no,no,no,no
44,0x75F90000,,,no,no,no,no,no
45,0x75F80000,,,no,no,no,no,no
46,0x75F70000,,,no,no,no,no,no
47,0x75F60000,,,no,no,no,no,no
48,0x75F50000,,,no,no,no,no,no
49,0x75F40000,,,no,no,no,no,no
